query,llama3.1,llama3,mistral,mistral-nemo,phi3,gemma2,zephyr,qwen2,llava,codellama,codegemma,codeqwen,dolphincoder,sqlcoder,deepseek-coder-v2,stable-code,starcoder2,wizardcoder
How many albums are there?,,"[(347,)]","[(347,)]","[(347,)]","[(347,)]",,"[(21, 'Iron Maiden')]",,"[(347,)]","[(347,)]",,"[(347,)]",,"[(347,)]",,,,
How many distinct genres are there?,"[(25,)]","[(25,)]","[(25,)]","[(25,)]","[(25,)]","[(25,)]",,,,"[('Heavy Metal',), ('TV Shows',), ('Latin',), ('Electronica/Dance',), ('R&B/Soul',), ('Opera',), ('Comedy',), ('Classical',), ('Pop',), ('Easy Listening',), ('Alternative',), ('Drama',), ('Sci Fi & Fantasy',), ('Rock',), ('World',), ('Reggae',), ('Blues',), ('Rock And Roll',), ('Alternative & Punk',), ('Metal',), ('Soundtrack',), ('Bossa Nova',), ('Science Fiction',), ('Hip Hop/Rap',), ('Jazz',)]","[(25,)]","[(25,)]",,"[(25,)]",,,,
How many tracks are in the 'Rock' genre?,,"[(1297,)]","[(1297,)]","[(1297,)]","[(1297,)]","[(1297,)]","[(1297,)]",,,"[(1297,)]",,"[(1297,)]",,,,,,"[(1297,)]"
What is the total number of invoice lines?,"[(2240,)]","[(2240,)]","[(2240,)]","[(2240,)]","[(2240,)]","[(2240,)]",,,,"[(2240,)]",,,"[(2240,)]","[(2240,)]",,,,
How many customers are from the USA?,"[(13,)]","[(0,)]","[(13,)]","[(13,)]","[(13,)]","[(13,)]","[(13,)]",,,"[(13,)]","[(13,)]","[(13,)]",,"[(13,)]",,,,
What is the highest employee ID?,"[(8,)]","[(8,)]","[(8,)]",,"[(8,)]","[(8,)]",,,,"[(8,)]","[(8,)]","[(8,)]",,"[(8,)]",,,,"[(8,)]"
How many tracks have a length greater than 5 minutes (300000 milliseconds)?,,"[(1069,)]","[(1069,)]","[(1069,)]","[(1069,)]","[(1069,)]",,,,"[(1069,)]",,"[(1069,)]","[(1069,)]","[(8, 7), (54, 7), (4, 7), (34, 7), (51, 7), (52, 7), (10, 7), (35, 7), (45, 7), (6, 7), (39, 7), (36, 7), (31, 7), (50, 7), (14, 7), (22, 7), (29, 7), (13, 7), (2, 7), (16, 7), (11, 7), (44, 7), (42, 7), (41, 7), (46, 7), (40, 7), (43, 7), (32, 7), (53, 7), (7, 7), (9, 7), (38, 7), (15, 7), (26, 7), (12, 7), (48, 7), (24, 7), (57, 7), (19, 7), (25, 7), (30, 7), (21, 7), (49, 7), (47, 7), (3, 7), (17, 7), (20, 7), (28, 7), (37, 7), (33, 7), (1, 7), (5, 7), (18, 7), (55, 7), (27, 7), (23, 7), (56, 7), (58, 7), (59, 6)]",,,,"[(3495,)]"
What is the total number of bytes for all tracks?,"[(117386255350,)]","[(117386255350,)]","[(117386255350,)]","[(117386255350,)]","[(3503,)]","[(117386255350,)]",,,"[(117386255350,)]","[(117386255350,)]",,,,"[(117386255350,)]",,,,"[(117386255350,)]"
How many customers have a company name specified?,"[(10,)]","[(10,)]","[(59,)]","[(10,)]","[(10,)]","[(10,)]",,,,"[(10,)]","[(10,)]","[(10,)]",,"[(10,)]",,,,"[(1, 'Apple Inc.'), (1, 'Telus'), (1, 'Embraer - Empresa Brasileira de Aeronáutica S.A.'), (1, 'Banco do Brasil S.A.'), (1, 'Woodstock Discos'), (1, 'Rogers Canada'), (1, 'Google Inc.'), (1, 'JetBrains s.r.o.'), (1, 'Microsoft Corporation'), (1, 'Riotur')]"
How many tracks cost more than $1?,,"[(213,)]",,"[(213,)]","[(213,)]","[(213,)]","[(213,)]",,,"[(213,)]",,,"[(213,)]","[(213,)]",,,,"[(213,)]"
What is the total number of seconds for all tracks?,"[(1378778040,)]","[(1377036,)]","[(1378778040,)]","[(1378778040,)]","[(1377036,)]","[(1378778040,)]","[(1378778,)]",,"[(1378778040,)]","[(1378778040,)]","[(1377036,)]",,,,,,,"[(1378778040,)]"
How many invoices were created in 2021?,,"[(83,)]","[(83,)]","[(83,)]","[(83,)]","[(83,)]","[(83,)]",,,"[(83,)]",,,"[(83,)]",,,,,"[(83,)]"
What is the number of customers who have made purchases totaling over $40?,,,,"[(0,)]",,"[(0,)]","[(3495,)]",,,"[(0,)]","[(7,), (7,), (7,), (7,), (7,), (7,), (7,), (7,), (7,), (7,), (7,), (7,), (7,), (7,)]",,,"[(0,)]",,,,
How many artists have more than 10 albums?,"[(14,), (11,), (21,)]","[(1,), (1,), (1,)]",,"[(3,)]","[(1,), (1,), (1,)]",,,,,"[(14,), (11,), (21,)]",,,,,,,,"[(3,)]"
What is the total number of tracks in playlists that have 'Rock' in their name?,"[(0,)]","[(0,)]","[(0,)]","[(0,)]",,"[(0,)]","[('Iron Maiden', 140)]",,,,,"[(3274,)]","[(0,)]",,,,,"[(0,)]"
How many customers have made purchases in all years the store has been operating?,"[(59,)]",,"[(0,)]","[(59,)]",,"[(59,)]",,,,"[(298,)]",,"[(59,)]",,,,,,
What is the number of customers who have purchased tracks from all genres?,"[(59,)]","[(59,)]",[],"[(0,)]",,,,,,,"[(59,)]",,"[(59,)]","[(59,), (32,), (55,), (50,), (4,), (23,), (56,), (12,), (13,), (9,), (7,), (4,), (5,), (17,), (7,), (9,), (9,), (4,), (19,), (10,), (14,), (4,), (4,), (14,)]",,,,
How many albums have all their tracks in a single genre?,"[(117,)]",[],"[(10,), (1,), (3,), (8,), (15,), (13,), (12,), (14,), (8,), (14,), (12,), (12,), (8,), (13,), (5,), (7,), (10,), (17,), (11,), (11,), (18,), (3,), (34,), (23,), (13,), (17,), (14,), (10,), (14,), (14,), (9,), (14,), (17,), (17,), (11,), (17,), (20,), (12,), (21,), (12,), (14,), (14,), (7,), (6,), (14,), (13,), (14,), (13,), (10,), (4,), (22,), (15,), (14,), (20,), (20,), (15,), (15,), (9,), (7,), (7,), (11,), (7,), (12,), (9,), (9,), (10,), (16,), (9,), (13,), (13,), (14,), (18,), (12,), (14,), (15,), (11,), (14,), (10,), (10,), (11,), (13,), (24,), (16,), (14,), (15,), (3,), (12,), (13,), (12,), (16,), (14,), (13,), (11,), (12,), (11,), (10,), (11,), (12,), (9,), (10,), (10,), (10,), (10,), (9,), (8,), (10,), (8,), (8,), (11,), (8,), (20,), (10,), (11,), (11,), (13,), (17,), (10,), (14,), (12,), (14,), (16,), (15,), (10,), (8,), (8,), (7,), (8,), (9,), (9,), (10,), (9,), (7,), (5,), (4,), (15,), (16,), (14,), (14,), (10,), (18,), (18,), (10,), (12,), (16,), (10,), (14,), (8,), (13,), (8,), (11,), (9,), (14,), (13,), (13,), (15,), (12,), (17,), (17,), (12,), (15,), (14,), (21,), (12,), (16,), (1,), (2,), (1,), (2,), (14,), (12,), (14,), (10,), (16,), (13,), (15,), (11,), (12,), (9,), (16,), (17,), (11,), (11,), (11,), (14,), (16,), (10,), (14,), (17,), (16,), (15,), (14,), (8,), (6,), (12,), (11,), (16,), (18,), (17,), (9,), (10,), (12,), (11,), (7,), (10,), (9,), (18,), (12,), (18,), (11,), (14,), (12,), (14,), (15,), (15,), (11,), (20,), (15,), (15,), (22,), (16,), (1,), (25,), (12,), (11,), (15,), (11,), (12,), (17,), (14,), (10,), (10,), (14,), (12,), (17,), (11,), (12,), (13,), (15,), (19,), (6,), (22,), (1,), (24,), (1,), (23,), (12,), (12,), (19,), (17,), (1,), (2,), (2,), (2,), (2,), (1,), (1,), (1,), (10,), (14,), (14,), (1,), (1,), (1,), (1,), (1,), (1,), (1,), (1,), (2,), (1,), (1,), (1,), (1,), (1,), (1,), (1,), (1,), (1,), (1,), (1,), (1,), (1,), (1,), (1,), (1,), (1,), (1,), (1,), (1,), (1,), (1,), (1,), (1,), (1,), (1,), (1,), (1,), (1,), (1,), (1,), (1,), (1,), (2,), (1,), (1,), (1,), (1,), (1,), (1,), (12,), (11,), (1,), (1,), (1,), (1,), (1,), (1,), (1,), (1,), (1,), (1,), (1,), (1,), (1,), (1,), (1,), (1,), (1,), (1,), (1,), (1,), (1,), (1,), (1,), (1,), (1,)]","[(84,)]","[(1,), (1,), (1,), (1,), (1,), (1,), (1,), (1,), (1,), (1,), (1,), (1,), (1,), (1,), (1,), (1,), (1,), (1,), (1,), (1,), (1,), (1,), (1,), (1,), (1,), (1,), (1,), (1,), (1,), (1,), (1,), (1,), (1,), (1,), (1,), (1,), (1,), (1,), (1,), (1,), (1,), (1,), (1,), (1,), (1,), (1,), (1,), (1,), (1,), (1,), (1,), (1,), (1,), (1,), (1,), (1,), (1,), (1,), (1,), (1,), (1,), (1,), (1,), (1,), (1,), (1,), (1,), (1,), (1,), (1,), (1,), (1,), (1,), (1,), (1,), (1,), (1,), (1,), (1,), (1,), (1,), (1,)]","[(1,), (1,), (1,), (1,), (1,), (1,), (1,), (1,), (1,), (1,), (1,), (1,), (1,), (1,), (1,), (1,), (1,), (1,), (1,), (1,), (1,), (1,), (1,), (1,), (1,), (1,), (1,), (1,), (1,), (1,), (1,), (1,), (1,), (1,), (1,), (1,), (1,), (1,), (1,), (1,), (1,), (1,), (1,), (1,), (1,), (1,), (1,), (1,), (1,), (1,), (1,), (1,), (1,), (1,), (1,), (1,), (1,), (1,), (1,), (1,), (1,), (1,), (1,), (1,), (1,), (1,), (1,), (1,), (1,), (1,), (1,), (1,), (1,), (1,), (1,), (1,), (1,), (1,), (1,), (1,), (1,), (1,), (1,), (1,), (1,), (1,), (1,), (1,), (1,), (1,), (1,), (1,), (1,), (1,), (1,), (1,), (1,), (1,), (1,), (1,), (1,), (1,), (1,), (1,), (1,), (1,), (1,), (1,), (1,), (1,), (1,), (1,), (1,), (1,), (1,), (1,), (1,), (1,), (1,), (1,), (1,), (1,), (1,), (1,), (1,), (1,), (1,), (1,), (1,), (1,), (1,), (1,), (1,), (1,), (1,), (1,), (1,), (1,), (1,), (1,), (1,), (1,), (1,), (1,), (1,), (1,), (1,), (1,), (1,), (1,), (1,), (1,), (1,), (1,), (1,), (1,), (1,), (1,), (1,), (1,), (1,), (1,), (1,), (1,), (1,), (1,), (1,), (1,), (1,), (1,), (1,), (1,), (1,), (1,), (1,), (1,), (1,), (1,), (1,), (1,), (1,), (1,), (1,), (1,), (1,), (1,), (1,), (1,), (1,), (1,), (1,), (1,), (1,), (1,), (1,), (1,), (1,), (1,), (1,), (1,), (1,), (1,), (1,), (1,), (1,), (1,), (1,), (1,), (1,), (1,), (1,), (1,), (1,), (1,), (1,), (1,), (1,), (1,), (1,), (1,), (1,), (1,), (1,), (1,), (1,), (1,), (1,), (1,), (1,), (1,), (1,), (1,), (1,), (1,), (1,), (1,), (1,), (1,), (1,), (1,), (1,), (1,), (1,), (1,), (1,), (1,), (1,), (1,), (1,), (1,), (1,), (1,), (1,), (1,), (1,), (1,), (1,), (1,), (1,), (1,), (1,), (1,), (1,), (1,), (1,), (1,), (1,), (1,), (1,), (1,), (1,), (1,), (1,), (1,), (1,), (1,), (1,), (1,), (1,), (1,), (1,), (1,), (1,), (1,), (1,), (1,), (1,), (1,), (1,), (1,), (1,), (1,), (1,), (1,), (1,), (1,), (1,), (1,), (1,), (1,), (1,), (1,), (1,), (1,), (1,), (1,), (1,), (1,), (1,), (1,), (1,), (1,), (1,), (1,), (1,), (1,), (1,), (1,), (1,), (1,), (1,), (1,), (1,), (1,), (1,), (1,), (1,), (1,), (1,), (1,), (1,), (1,), (1,), (1,), (1,), (1,)]",,,,"[(0,)]",,,"[(4,)]","[(5,), (23,), (7,), (1,), (72,), (1,), (4,), (1,), (3,), (3,), (2,), (13,), (39,), (35,), (1,), (3,), (4,), (4,), (117,), (1,), (2,), (2,), (4,), (10,), (3,)]",,,,
What is the number of customers who have spent more in 2011 than in 2010?,,[],,,,[],,,,,,,,,,,,
How many tracks appear in more playlists than the average track?,,,,,,,,,,"[('Snowblind', Decimal('4.5714285714285714')), ('Revelations', Decimal('4.5000000000000000')), ('Release', Decimal('4.6666666666666667')), ('Gone', Decimal('4.6000000000000000')), ('Pensamento', Decimal('4.6000000000000000')), ('You Shook Me', Decimal('4.6000000000000000')), ('Low', Decimal('4.6000000000000000')), ('Desire', Decimal('4.6000000000000000')), ('2 Minutes To Midnight', Decimal('5.5384615384615385')), ('Once', Decimal('4.6666666666666667')), ('The Wizard', Decimal('4.6000000000000000')), ('Heaven Can Wait', Decimal('4.6250000000000000')), ('A Cor Do Sol', Decimal('4.6000000000000000')), ('Gypsy', Decimal('4.6000000000000000')), ('All I Want Is You', Decimal('4.6000000000000000')), ('Sign Of The Cross', Decimal('4.6000000000000000')), ('Meu Erro', Decimal('4.6000000000000000')), ('Heartbreaker', Decimal('4.6000000000000000')), ('Manguetown', Decimal('4.6666666666666667')), ('Rock And Roll All Nite', Decimal('4.6000000000000000')), ('Babylon', Decimal('4.6666666666666667')), (""Since I've Been Loving You"", Decimal('4.6000000000000000')), ('Hallowed Be Thy Name', Decimal('4.5833333333333333')), ('A Estrada', Decimal('4.6000000000000000')), ('Breakfast In Bed', Decimal('4.6666666666666667')), ('Do You Love Me', Decimal('4.6666666666666667')), ('The Clansman', Decimal('4.6000000000000000')), ('Black Dog', Decimal('4.6000000000000000')), ('Psychopomp', Decimal('4.6666666666666667')), ('Thank You', Decimal('4.6000000000000000')), ('Selvagem', Decimal('4.6000000000000000')), ('Overkill', Decimal('4.6000000000000000')), ('Beth', Decimal('4.6666666666666667')), ('Believe', Decimal('4.6250000000000000')), ('Daughter', Decimal('6.2857142857142857')), ('Um Jantar Pra Dois', Decimal('4.6000000000000000')), ('Carolina', Decimal('4.6000000000000000')), ('Immigrant Song', Decimal('4.6000000000000000')), ('Wasting Love', Decimal('4.6666666666666667')), ('Go', Decimal('4.6666666666666667')), ('Welcome Home (Sanitarium)', Decimal('4.6000000000000000')), ('King For A Day', Decimal('4.6666666666666667')), ('Layla', Decimal('4.6666666666666667')), ('Terra', Decimal('4.6666666666666667')), ('Tendo A Lua', Decimal('4.6000000000000000')), ('Breed', Decimal('4.6666666666666667')), ('How Many More Times', Decimal('4.6000000000000000')), ('Run To The Hills', Decimal('4.5714285714285714')), ('Elderly Woman Behind The Counter In A Small Town', Decimal('4.6666666666666667')), ('Running Free', Decimal('4.6000000000000000')), (""New Year's Day"", Decimal('4.6000000000000000')), ('Afraid To Shoot Strangers', Decimal('4.6666666666666667')), ('Onde Você Mora?', Decimal('4.6000000000000000')), ('Wherever I May Roam', Decimal('4.6666666666666667')), ('Sure Know Something', Decimal('4.6666666666666667')), ('Be Quick Or Be Dead', Decimal('4.6666666666666667')), ('Acelerou', Decimal('4.6666666666666667')), ('Polly', Decimal('4.6666666666666667')), ('Paranoid', Decimal('4.6000000000000000')), ('Linha Do Equador', Decimal('4.6000000000000000')), ('Radio Song', Decimal('4.6000000000000000')), (""I Can't Quit You Baby"", Decimal('4.5714285714285714')), ('Your Time Is Gonna Come', Decimal('4.6000000000000000')), ('She', Decimal('4.6666666666666667')), ('Fear Of The Dark', Decimal('4.6363636363636364')), ('Wrathchild', Decimal('5.5833333333333333')), ('Collision', Decimal('5.7142857142857143')), ('Harvester Of Sorrow', Decimal('4.6000000000000000')), ('The Clairvoyant', Decimal('4.6250000000000000')), ('So What', Decimal('4.6000000000000000')), ('You Got Me Rocking', Decimal('4.6666666666666667')), ('When Love Comes To Town', Decimal('4.6000000000000000')), ('Dezesseis', Decimal('4.6666666666666667')), ('Enter Sandman', Decimal('6.4285714285714286')), ('Lithium', Decimal('6.2857142857142857')), ('Helpless', Decimal('4.6666666666666667')), ('Intro', Decimal('4.6250000000000000')), ('The Evil That Men Do', Decimal('4.6000000000000000')), ('From Here To Eternity', Decimal('4.6666666666666667')), ('Um Amor Puro', Decimal('4.6666666666666667')), ('Tailgunner', Decimal('4.6666666666666667')), ('Black Sabbath', Decimal('4.6000000000000000')), ('Iron Maiden', Decimal('4.5833333333333333')), ('Going To California', Decimal('4.6000000000000000')), ('Banditismo Por Uma Questa', Decimal('4.6666666666666667')), ('Good Golly Miss Molly', Decimal('4.6000000000000000')), ('Whole Lotta Love', Decimal('4.5714285714285714')), ('Surrender', Decimal('4.6000000000000000')), ('Primavera', Decimal('4.6000000000000000')), ('Angel Of Harlem', Decimal('4.6000000000000000')), ('Realidade Virtual', Decimal('4.6000000000000000')), ('Without You', Decimal('4.6666666666666667')), ('The Trooper', Decimal('4.5833333333333333')), ('Pride (In The Name Of Love)', Decimal('4.6000000000000000')), ('Black', Decimal('4.6666666666666667')), ('A Sombra Da Maldade', Decimal('4.6000000000000000')), ('Remember Tomorrow', Decimal('4.6000000000000000')), ('Drão', Decimal('4.6666666666666667')), ('Money', Decimal('4.6000000000000000')), ('The Unforgiven', Decimal('4.6666666666666667')), ('War Pigs', Decimal('4.5714285714285714')), ('The Number Of The Beast', Decimal('4.5833333333333333')), (""Goin' Blind"", Decimal('4.6666666666666667')), ('A Paz', Decimal('4.6000000000000000')), ('Dazed and Confused', Decimal('4.6000000000000000')), ('Plaster Caster', Decimal('4.6666666666666667')), ('Firmamento', Decimal('4.6000000000000000')), ('Sampa', Decimal('5.5714285714285714')), (""Comin' Home"", Decimal('4.6000000000000000')), ('One', Decimal('4.6000000000000000')), ('All My Love', Decimal('4.6000000000000000')), ('Prowler', Decimal('4.6000000000000000')), ('Stairway To Heaven', Decimal('4.5714285714285714')), ('Silver And Gold', Decimal('4.6000000000000000')), (""That's The Way"", Decimal('4.6000000000000000')), ('Angel', Decimal('4.6666666666666667')), ('O Erê', Decimal('4.6000000000000000')), ('Communication Breakdown', Decimal('4.6000000000000000')), ('Drain You', Decimal('6.2857142857142857')), ('Sanctuary', Decimal('4.6000000000000000')), ('Before You Accuse Me', Decimal('4.6000000000000000')), ('Perfect', Decimal('4.6666666666666667')), ('Sad But True', Decimal('4.6666666666666667')), ('Can I Play With Madness', Decimal('4.6250000000000000')), ('Dazed And Confused', Decimal('4.6000000000000000')), ('Caleidoscópio', Decimal('4.6000000000000000')), ('Animal', Decimal('4.6666666666666667')), ('My World', Decimal('4.6000000000000000')), ('Temptation', Decimal('4.6666666666666667')), ('Untitled', Decimal('4.6000000000000000')), ('Midnight', Decimal('4.6250000000000000')), ('Slither', Decimal('4.6000000000000000')), ('Que País É Este', Decimal('4.6666666666666667')), ('Sunday Bloody Sunday', Decimal('4.6000000000000000')), ('Smells Like Teen Spirit', Decimal('6.2857142857142857')), ('Smoke On The Water', Decimal('4.5714285714285714')), ('Sweetest Thing', Decimal('4.6666666666666667'))]",,,,,,,,
What is the number of artists who have tracks in more genres than the average artist?,"[(1,), (1,), (1,), (1,)]","[(63,)]",,,,,,,,,,,,,,,,
What is the total number of 'Rock' tracks that are longer than the average 'Jazz' track?,"[(460,)]",,"[(460,)]","[(460,)]",,,,,,"[(460,)]","[(460,)]",,"[(54,)]",,,,,"[(460,)]"
What is the number of tracks that have a longer duration than the average duration of tracks in their genre?,"[(0,)]","[(1539,)]",,"[(1539,)]","[(1539,)]",,,,,,"[(1539,)]",,,,,,,
How many employees have sold to customers from all countries represented in the customer base?,"[(0,)]",,,,,,[],,,,"[(1,), (1,), (1,), (1,), (1,), (1,), (1,), (1,)]","[(1,), (1,), (1,), (1,), (3,), (3,), (1,), (2,), (1,), (1,), (3,), (2,), (1,), (1,), (1,), (1,), (1,), (1,), (1,), (1,), (1,), (1,), (2,), (3,)]",,,,,,
